Hospital,Specialization,City,Mobile
Aarogya Care Hospital,Cardiology,Mumbai,7124583
Lotus Life Hospital,Neurology,Delhi,7281945
Sunrise Multispeciality Clinic,Orthopedics,Bengaluru,7359124
Harmony Health Hospital,Pediatrics,Hyderabad,7462819
Greenleaf Medical Center,Dermatology,Chennai,7593148
Hope Valley Hospital,Gastroenterology,Pune,7219485
Unity Wellness Hospital,Endocrinology,Kolkata,7345821
Silverline Care Hospital,Oncology,Ahmedabad,7531294
NovaLife Medical Institute,Nephrology,Jaipur,7485129
CityHeart Hospital,Urology,Surat,7692143
Bloom Health Hospital,ENT,Bhopal,7134982
Rivera Health Center,Pulmonology,Lucknow,7294158
Sanjeevani Metro Hospital,Rheumatology,Nagpur,7471286
Healing Touch Hospital,Ophthalmology,Indore,7584129
VitalPulse Hospital,Hematology,Coimbatore,7248516
CareWays Hospital,Immunology,Thane,7392158
PrimeLife Health Hospital,Endoscopy,Patna,7641289
Trinity Wellness Hospital,Allergy,Bhubaneswar,7324159
BrightCure Hospital,Plastic Surgery,Vadodara,7512468
LifeBridge Medical Center,General Surgery,Nashik,7182456
Everwell Hospital,Internal Medicine,Visakhapatnam,7465192
Heritage Health Institute,Neonatology,Ludhiana,7634281
MetroCity Hospital,Psychiatry,Agra,7285419
GoldenCare Hospital,Andrology,Kanpur,7412695
BlueWave Medical Center,Pain Management,Ghaziabad,7524189
LifeSpring Hospital,Infectious Diseases,Ranchi,7193248
Skyline HealthCare Hospital,Geriatrics,Meerut,7451289
WellNest Hospital,Endodontics,Guwahati,7362591
ShreeLife Hospital,Periodontics,Chandigarh,7653941
Medivia Advanced Hospital,Pathology,Jodhpur,7228549
HealthFirst Hospital,Microbiology,Raipur,7341952
OmniCare Hospital,Genetics,Mysuru,7581294
CurePoint Medical Center,Neurosurgery,Salem,7475931
HealWell Institute,Vascular Surgery,Gurugram,7168294
ApexSphere Hospital,Bariatrics,Faridabad,7246931
CrystalCare Hospital,Obstetrics,Warangal,7395482
PureHealth Multicare Hospital,Gynecology,Guntur,7534612
NimbleCare Hospital,Occupational Therapy,Durgapur,7426195
Riverfront Wellness Hospital,Psychotherapy,Noida,7693451
CareWorld Hospital,Physiotherapy,Srinagar,7189642
HealingHub Hospital,Community Medicine,Kochi,7295418
Starline Medical Institute,Anesthesiology,Dehradun,7529613
LifeShine Hospital,Nuclear Medicine,Asansol,7645129
Aarunya Health Hospital,Transplant Medicine,Amritsar,7325964
Zenith Multicare Hospital,Emergency Medicine,Rajkot,7451239
PureHeart Hospital,Cardiothoracic Surgery,Siliguri,7583264
Wellcrest Hospital,Rehabilitation,Kakinada,7239145
NovaHeal Hospital,Telemedicine,Tirupati,7395182
Everrise Hospital,Palliative Care,Jalandhar,7612845